first_name,last_name,email,street_address,city,state,zip,phone_number
Mark,Gowen,mark.gowen@yahoo.com,123 something street,Somewhere,OR,80501,1231234
Andrew,Fairbarn,andrew.fairbarn@gmail.com,8567 place,Someplace,MN,80503,8584747
David,Tewkesbury,david.tewkesbury@hotmail.com,82 nowhere,dontknow,WY,82520,3830594